mensagem_id,numero_mensagem_original,categoria,mensagem_original,mensagem_pt
M001,859,Depression,"Ive told 2 college professors that I am suicidal in less than 3 days of each other and.. I was quite shocked at their reactions. I sorta expected a very stigmatized reaction for some reason. The first professor blew up on me in immediate concern for my wellbeing. He too had actually been through similar circumstances when he was younger. And the second professor, he had a close friend who was suicidal and very depressed as well. He was very calm throughout the whole conversation actually. That was a really fucking cool thing to have a legit chat about mental health with college professors. Edit I really cant express enough how reassuring all of your supportive comments are. I would like everyone to know that I actually just recently started therapy for the first time this semester. And it is doing wonders. Hopefully I get the courage to schedule with the on campus psychiatrist soon to see if medication can help. Also, thank you all for reminding me that people do care about others. Thank you greatly.","Ive disse a 2 professores universitários que eu sou suicida em menos de 3 dias um do outro e.. Eu fiquei bastante chocado com suas reações. Eu tipo, eu esperava uma reação muito estigmatizada por alguma razão. O primeiro professor explodiu em mim em preocupação imediata para o meu bem- estar. Ele também tinha realmente passado por circunstâncias semelhantes quando ele era mais jovem. E o segundo professor, ele tinha um amigo próximo que estava suicida e muito deprimido também. Ele estava muito calmo durante toda a conversa na verdade. Isso foi realmente uma coisa muito legal para ter uma conversa legal sobre saúde mental com professores universitários. Editar Eu realmente não posso expressar o suficiente como tranquilizando todos os seus comentários de apoio são. Eu gostaria que todos soubessem que eu realmente recentemente comecei a terapia pela primeira vez neste semestre. E ele está fazendo maravilhas. Espero ter a coragem de agendar com o psiquiatra no campus em breve para ver se a medicação pode ajudar. Também, obrigado a todos vocês por me lembrar que as pessoas se importam com os outros. Obrigado muito."
M002,948,Depression,"Addicted to depression I dont know am I the only one with this, but every time things start going better, it never feels right. I feel like I dont deserve being okay. The sadness has become like an addiction. It feels weirdly good? I dont really know, but whenever Im the lowest it feels the most comforting. I think Ive already gave up on trying to heal. Trying get help. I dont want it anymore. Im miserable and slowly becoming crazy but I dont think Im even trying to fix it anymore. Ive accepted it. Im just waiting for the opportunity to finally bring myself to the end.","Eu não sei se sou o único com isso, mas cada vez que as coisas começam a melhorar, nunca me sinto bem. Sinto que não mereço estar bem. A tristeza tornou- se como um vício. É estranhamente bom? Eu realmente não sei, mas sempre que eu sou o mais baixo é o mais reconfortante. Acho que eu já desisti de tentar curar. Tentar obter ajuda. Não quero mais. Estou infeliz e lentamente ficando louco, mas acho que nem estou tentando corrigi- lo mais. Eu aceito. Só estou esperando a oportunidade de finalmente me levar ao fim."
M003,501,Depression,"My friend killed himself He was 18. I grew up with him and he was like my little brother. He was gentle and sweet and loved animals and flowers and thrifted clothes. He was quiet and calm in a world that is loud and harsh. He killed himself. He didnt let anyone see all the pain he was carrying every day. He was exhausted and he only saw one option and now Im trying to pick up the pieces of myself. I am heartbroken and angry and devastated there is a crushing weight on my chest and I cant breathe. I feel too much while feeling too little. I have struggled with depression and anxiety for years. But this. This is...overwhelming. It is excruciating. It is numbing. It is agonizing and yet it is impassive. I feel everything and I feel nothing. I dont want to die. But I dont know how to live. Im fighting every day. Im pushing through for my family and friends who are also experiencing this loss and my cats who need me to feed them breakfast. Every day is a struggle right now. But Im fighting. Keep fighting, friends.",Meu amigo se matou Ele tinha 18 anos. Cresci com ele e ele era como meu irmão mais novo. Ele era gentil e doce e amava animais e flores e roupas frias. Ele estava quieto e calmo em um mundo que é alto e duro. Ele se matou. Ele não deixou ninguém ver toda a dor que ele estava carregando todos os dias. Ele estava exausto e ele só viu uma opção e agora eu estou tentando pegar os pedaços de mim mesmo. Eu estou com o coração quebrado e zangado e devastado há um peso esmagador no meu peito e eu não consigo respirar. Eu sinto muito enquanto sinto muito pouco. Eu tenho lutado com depressão e ansiedade por anos. Mas isso. Isto é... ofuscante. É entorpecedor. É entorpecedor. É agonizante e ainda assim é impassível. Eu sinto tudo e eu não sinto nada. Eu não quero morrer. Mas eu não sei como viver. Eu estou lutando todos os dias.
M004,12580,Depression,"Dont you just hate it when some depressed people act like you dont get to be depressed because life isnt hard enough for you? Ive stopped my friends from killing themselves a total of six times, and Im 18. Thats one of the main reasons Im depressed. But Ive told a few other depressed people about this and then they went like yeah, how about you try to kill yourself and start cutting, then you can come talk to me about your depression and hard life.","Você não odeia quando algumas pessoas deprimidas agem como se você não ficasse deprimida porque a vida não é difícil o suficiente para você? Eu impedi meus amigos de se matarem um total de seis vezes, e Im 18. Essa é uma das principais razões por que estou deprimido. Mas eu contei a algumas outras pessoas deprimidas sobre isso e então eles foram como sim, que tal você tentar se matar e começar a cortar, então você pode vir falar comigo sobre sua depressão e vida difícil."
M005,1076,Depression,Do you ever get so empty youre excited when you finally start crying because at least youre feeling an emotion? Ive felt empty for days and just now cried a little. Even though Im miserable I was almost happy. Its worse to feel like youre dead than being sad.,"Você alguma vez fica tão vazio que você está animado quando finalmente começa a chorar porque pelo menos você está sentindo uma emoção? Senti- me vazio por dias e chorei um pouco agora. Mesmo sendo infeliz, eu estava quase feliz. É pior sentir que você está morto do que estar triste."
M006,4717,Depression,"Everyone is going through the same thing, dont worry Yes, I know that. And yes, I know that somehow I cant handle it like the others do. I know Im really weak. Thank you for reminding me.","Todos estão passando pela mesma coisa, não se preocupem Sim, eu sei disso. E sim, eu sei que de alguma forma não consigo lidar com isso como os outros. Eu sei que estou muito fraco. Obrigado por me lembrar."
M007,4205,Depression,"Sharing something Im proud of for a chance The past two weeks I have cooked almost daily instead of eating fast food, Ive kept my house clean, showered regularly, and Ive done all of my work for Grad school even some of it way ahead of time. I usually dont say Im proud of myself but I think I need to say it today.","Compartilhar algo de que estou orgulhoso para uma chance As últimas duas semanas que cozinhei quase diariamente em vez de comer fast food, mantive minha casa limpa, chuvei regularmente, e fiz todo o meu trabalho para a escola de graduação até mesmo algumas delas muito antes do tempo. Geralmente não digo que estou orgulhoso de mim mesmo, mas acho que preciso dizer isso hoje."
M008,138,Depression,"Its lonely. Ive been crying nonstop for 3months. Getting into university have made my condition worst. Its lonely here. I want to tell more but I just have no energy to type. Hope those who read this.. good day to you. Edit I didnt believe that my first post will get over 1K upvotes. Thank you for all the kind messages. Thank you. I have read all of it. Thank you. Truly made my day better. I will try to hold on and to those who are struggling too, keep your heads up too, try to love yourself, ourselves more. We cant lose hope.","Seu solitário. Eu tenho chorado sem parar por 3 meses. Entrar na universidade tornou minha condição pior. Seu solitário aqui. Eu quero dizer mais, mas eu simplesmente não tenho energia para digitar. Espero que aqueles que leram isso.. bom dia para você. Editar Eu não acreditei que meu primeiro post vai ficar acima de 1K upvotes. Obrigado por todas as mensagens gentis. Obrigado. Eu li tudo isso. Obrigado. Realmente melhorou o meu dia. Eu vou tentar segurar e para aqueles que estão lutando também, manter suas cabeças para cima, tentar amar a si mesmos, nós mesmos mais. Nós não podemos perder a esperança."
M009,3228,Depression,"I had to fill out one of those depression tests today... And I scored in the severe range. This lead to the following exchange between my Doctors and I. Doctor This is a really high score. Me Thank you. Thankfully, I saw the funny side it in its awkwardness...and I hope you guys do too! Sometimes, the only way to cope with how terrible things are is to laugh...Stay strong, fam.","Eu tive que preencher um desses testes de depressão hoje... E eu marquei na faixa severa. Isto leva à seguinte troca entre meus médicos e eu. Doutor Esta é uma pontuação muito alta. Eu Obrigado. Felizmente, eu vi o lado engraçado dela em sua constrangedura... e espero que vocês também façam! Às vezes, a única maneira de lidar com o quão terrível as coisas são é rir... Fique forte, família."
M010,7555,Depression,"I hate that people dont understand that i dont want to kill myself, I just dont want to be alive anymore","Eu odeio que as pessoas não entendam que eu não quero me matar, eu só não quero mais estar vivo"
M011,1152,Depression,"How can you be depressed? You always seem to be happy. Yesterday a friend told me that. To be honest, when I am around other people I pretend to be happy as if nothing is wrong since I dont want to bother others with my issues. I dont really know why I am doing this.","Como você pode estar deprimido? Você sempre parece estar feliz. Ontem um amigo me disse isso. Para ser honesto, quando estou perto de outras pessoas finjo estar feliz como se nada estivesse errado, já que não quero incomodar os outros com meus problemas. Realmente não sei por que estou fazendo isso."
M012,1097,Depression,I love bad weather. Its the only time I can stop feeling like a piece of shit for not being able to get out of bed. I hate that Im like this,Eu amo o mau tempo. É a única vez que eu posso parar de me sentir como um pedaço de merda por não ser capaz de sair da cama. Eu odeio que eu sou assim
M013,12742,Depression,"i want to kill myself i dont know it this is ok to post there but, long story short ill probably kms today, i cant bear this anymore, lots of things happened and i dont think i can go further, ty anyone who reads this","Eu quero me matar eu não sei que isso é ok para postar lá, mas, longa história curta doença provavelmente kms hoje, eu não posso suportar isso mais, muitas coisas aconteceram e eu acho que eu não posso ir mais longe, ty qualquer um que lê isso"
M014,1199,Depression,"My life in a nutshell Having anxiety and depression is like being scared and tired at the same time. Its the fear of failure but no urge or will to be productive. Its wanting friends but hate socializing. Its wanting to be alone but not wanting to be lonely. Its caring about everything just to abruptly care about nothing. Its the feeling of feeling everything at once then feeling paralysingly numb. Its wanting to get help, but subconsciously knowing it wont make a difference because you cant see the light at the end of the tunnel, you are just tired of being in the tunnel.","A minha vida em poucas palavras Ter ansiedade e depressão é como estar assustada e cansada ao mesmo tempo. É o medo do fracasso, mas sem vontade ou vontade de ser produtiva. É querer amigos, mas odiar socializar. É querer ficar sozinha, mas não querer ficar sozinha. É se preocupar com tudo apenas para se importar abruptamente com nada. É a sensação de sentir tudo de uma vez, em seguida, sentir- se paralisantemente dormida. É querer obter ajuda, mas sabendo subconscientemente que isso não fará diferença porque você não pode ver a luz no final do túnel, você está cansado de estar no túnel."
M015,11054,Depression,"I hate waking up from a dream where Im happy It literally ruins my day before it even starts. Im so tired of being happy in a dream. Being married, having fun with my friends, having money, and then I wake up. I literally wake up with tears in my eyes. It was so bad this morning that I repeated the words I wanna die over and over. Why does my brain tease me with this? I swear if I didnt have my cat to cuddle I would be in a worse position.","Odeio acordar de um sonho em que estou feliz, literalmente arruina o meu dia antes mesmo de começar. Estou tão cansado de ser feliz num sonho. Estar casado, se divertir com os meus amigos, ter dinheiro, e então eu acordo. Eu literalmente acordo com lágrimas nos meus olhos. Foi tão ruim esta manhã que repeti as palavras que quero morrer uma e outra vez. Por que meu cérebro me provoca com isso? Juro que se eu não tivesse o meu gato para abraçar eu estaria em uma posição pior."
M016,5676,Depression,being unmotivated is the worst part about depression cant move on or get better im stuck forever just realized that rhymed,ser desmotivado é a pior parte sobre a depressão não pode seguir em frente ou ficar melhor im preso para sempre apenas percebeu que rima
M017,9133,Depression,"How many other people go to sleep wishing theyll die peacefully before they wake up? I read this a lot here, I dont want to kill myself, I just wish I didnt exist. I identify with that... so much. I just dont want to keep feeling like this anymore, and for whatever reason that thought is amplified as Im trying to sleep e.g. right now. All I want is to simply not wake up tomorrow. Is that so much to ask for? Edit wow, I did not expect to get so many responses when I wrote this yesterday. Although sad, its still oddly comforting to know Im not alone in feeling this way, so thank you sincerely for sharing. For those who offered helpful tidbits, thank you also. I hope that you all find peace one way or another, just as I hope that I can too. But lets face it, chances are thats wont be tonight, so.... here we go again.","Quantas outras pessoas vão dormir desejando que morram pacificamente antes de acordarem? Eu li muito aqui, eu não quero me matar, eu só queria que eu não existisse. Eu me identifico com isso... tanto. Eu só não quero continuar sentindo assim mais, e por qualquer razão que o pensamento é amplificado como eu estou tentando dormir por exemplo agora. Tudo o que eu quero é simplesmente não acordar amanhã. Isso é tanto para pedir? Editar wow, eu não esperava obter tantas respostas quando escrevi isso ontem. Embora triste, seu ainda estranhamente confortante saber que eu não estou sozinho em sentir desta forma, então obrigado sinceramente por compartilhar. Para aqueles que ofereceram tidbits úteis, obrigado também. Espero que todos vocês encontrem paz de uma maneira ou outra, assim como eu espero que eu também possa. Mas deixamos enfrentá- lo, as chances são que não serão esta noite, então.... aqui nós vamos novamente."
M018,7926,Depression,"I never planned to make it to 15. Today I turned 17. A little over two years ago, Id been planning to kill myself before my 15th birthday. Today is my 17th and Im actually happy Im alive. I still have some very low days, but I feel so much better than I did back then. Things get better, even if it happens slowly.","Eu nunca planejei chegar a 15 anos. Hoje eu fiz 17. Há pouco mais de dois anos, eu estava planejando me matar antes do meu 15o aniversário. Hoje é meu 17o e estou realmente feliz Estou vivo. Ainda tenho alguns dias muito baixos, mas me sinto muito melhor do que naquela época. As coisas ficam melhores, mesmo que aconteça lentamente."
M019,11032,Depression,"It sucks how mental health is never a valid excuse in college CW anywhere, really, workjobs included. I cant keep track of my lies. My headaches and migraines and feeling sick are all lies. I cant keep track of them. I wish instead of saying I stayed home because of my headache I could say the truth I have no motivation or energy. I want to kill myself. I hate myself so much and I want to die. I cant even drink water or eat healthy. I cant even do my work. I want to kill myself.","É uma droga como a saúde mental nunca é uma desculpa válida na universidade CW em qualquer lugar, realmente, trabalhos incluídos. Eu não posso manter o controle das minhas mentiras. Minhas dores de cabeça e enxaquecas e sentir- me doente são todas mentiras. Eu não posso manter o controle deles. Eu gostaria em vez de dizer que fiquei em casa por causa da minha dor de cabeça eu poderia dizer a verdade eu não tenho motivação ou energia. Eu quero me matar. Eu me odeio tanto e quero morrer. Eu não posso nem beber água ou comer saudável. Eu não posso nem fazer o meu trabalho. Eu quero me matar."
M020,1122,Depression,"Suicide isnt an answer Yes, but it seems like an option. The only real option. The only button that ends eternal pain and suffering. Fade away from everywhere and become nothingness. All your sorrows and misery, agony gone in the blink of an eye. And you know whats the best part? Its free! You dont need to pay to kill yourself, but you need to pay to live. Its the easy way out, the only beautiful way out. Its not much, we all die at some point wouldnt hurt to cut myself off from everything as I would lose my consciousness. But I am here to live for the mental well being of other people, so they dont be sad. I suffer for them. Yet they wouldnt take a minute to listen to one of those millions of thoughts I have ruining my head. Ironic.","O suicídio não é uma resposta Sim, mas parece ser uma opção. A única opção real. O único botão que termina a dor e o sofrimento eternos. Desapareça de toda parte e se torne nada. Todas as suas tristezas e misérias, a agonia desapareceu num piscar de olhos. E você sabe qual é a melhor parte? É livre! Você não precisa pagar para se matar, mas você precisa pagar para viver. É a saída fácil, a única saída bonita. Não é muito, todos nós morremos em algum momento não machucaria me cortar de tudo como eu perderia a consciência. Mas eu estou aqui para viver para o bem mental de outras pessoas, então elas não estão tristes. Eu sofro por elas. Ainda assim, eles não demorariam um minuto para ouvir um desses milhões de pensamentos que eu arruinaria a minha cabeça. Ironic."
M021,11,Depression,"Nobody at all cares how depressed you are when youre alive, as long as you dont kill yourself. Now if I kill myself, then Im just a huge selfish jerk who didnt think about anybody. Jerks...","Ninguém se importa com o quão deprimido você está quando está vivo, desde que você não se mate. Agora, se eu me matar, então eu sou apenas um enorme idiota egoísta que não pensou em ninguém. Idiotas..."
M022,1432,Depression,"Having an office job is the absolute worst thing for depression I am sitting most of the day and have to work 11 hours. Thats enough time to think and sulk. I also have a coworker I cant stand. It is a super boring, depressing environment. Have to see people, talk on the phone and hear the stupid fucking fax machine beeps when Im going through major sensory overload!!!!!! Then pretend to be normal. Back hurts from this stupid fucking chair!!!! Im losing my fucking mind. I hate it here. I hate life. I feel like walking out but I need fucking money. And Im working 2 days a week and can barely handle it. It feels unbearable. Fml","Ter um trabalho de escritório é a pior coisa absoluta para a depressão que estou sentado a maior parte do dia e tenho que trabalhar 11 horas. Isso é tempo suficiente para pensar e ficar chateado. Eu também tenho um colega de trabalho que eu não posso ficar. É um ambiente super chato, deprimente. Tenho que ver as pessoas, falar no telefone e ouvir a máquina de fax estúpida bips quando estou passando por uma grande sobrecarga sensorial!!!!!! Então finja ser normal. Voltar a sofrer desta cadeira estúpida!!!! Estou perdendo a cabeça. Eu odeio aqui. Eu odeio a vida. Eu sinto vontade de sair, mas eu preciso de dinheiro. E eu estou trabalhando 2 dias por semana e mal consegue lidar com isso. Ela se sente insuportável. Fml"
M023,185,Depression,"Each month that passes I feel sadder and sadder. Please, somebody read me. Hello. Ever since I was little, Ive been very emotional. As time has passed and Ive been able to understand better the world around me, I find disgust. I dislike how everything is money and manipulation and how you cant do anything if you dont play along. My family is broken and I cant share my feelings with anybody, and when I do is usually with my mother and she always makes me feel worse, or guilty about everything. I feel like an idiot. I used to go to therapy before the pandemic, it was quite good but sadly my doctor passed away due to old age. Im not in a place right now where I can pay therapy. Im also not motivated. I just want everything to end. I want to stop being me. I dont want these memories anymore. Thanks for getting until the end.","Cada mês que passa sinto- me mais triste e mais triste. Por favor, alguém me lê. Olá. Desde que eu era pequena, eu tenho sido muito emocional. Como o tempo passou e eu fui capaz de entender melhor o mundo ao meu redor, eu acho repugnante. Eu não gosto de como tudo é dinheiro e manipulação e como você não pode fazer nada se você não jogar junto. Minha família está quebrada e eu não posso compartilhar meus sentimentos com ninguém, e quando eu faço é geralmente com minha mãe e ela sempre me faz sentir pior, ou culpado com tudo. Eu me sinto como um idiota. Eu costumava ir à terapia antes da pandemia, era muito bom, mas tristemente meu médico faleceu por causa da idade avançada. Eu não estou em um lugar certo agora onde eu posso pagar terapia. Eu também não estou motivado. Eu só quero que tudo acabe. Eu quero parar de ser eu. Eu não quero mais estas memórias. Obrigado por chegar até o fim."
M024,11799,Depression,Life is just so freaking boring when youre depressed I have zero motivation to actually do things like working on my art. I barely even have the desire to play video games. Its almost as if I cant get pleasure from anything anymore. So unless Im at work I spend 90 of my time just laying in bed doing absolutely nothing all day. And I get so bored that it feels like torture but I dont have the energy to actually do anything. It really sucks,"A vida é tão chata quando você está deprimido que não tenho motivação para realmente fazer coisas como trabalhar na minha arte. Eu mal tenho o desejo de jogar jogos de vídeo. É quase como se eu não pudesse mais ter prazer de qualquer coisa. Então, a menos que eu esteja no trabalho eu passo 90 do meu tempo deitado na cama absolutamente nada o dia todo. E eu fico tão entediado que me sinto como tortura, mas eu não tenho a energia para realmente fazer qualquer coisa. Realmente é uma merda."
M025,1106,Depression,"Ghosting my close friends. Depression. Keeping up communication is rough sometimes. A day of not replying to a message can become a week when you dont know how to explain that you just couldnt be around people that day, which can become a month when it always seems impossible to reach out and explain where youve been. Edit Ive gone through each and everyones reply. And I have only one thing to tell you all thank you for listening to me! Thank you for all the kind words! and the gold really made my day","Ghosting my close friends. Depression. Manter a comunicação é ás vezes difícil. Um dia de não responder a uma mensagem pode tornar-se uma semana quando você não sabe como explicar que você simplesmente não poderia estar perto de pessoas naquele dia, o que pode se tornar um mês quando sempre parece impossível alcançar e explicar onde você esteve. Editar Eu passei por todas as respostas. E eu só tenho uma coisa a dizer a todos obrigado por me ouvirem! Obrigado por todas as palavras amáveis! e o ouro realmente fez o meu dia."
M026,12454,Loneliness,Im so lonely depressed and dont want to go on Im so lonely Im so depressed I cry every day I have no one to talk to you I have no family and I dont want to go on anymore I dont!,"Estou tão solitário deprimido e não quero continuar Estou tão solitário Estou tão deprimido que choro todos os dias, não tenho ninguém para falar com você, não tenho família e não quero continuar mais!"
M027,1469,Loneliness,"I wish I could reset myself I hate myself and I hate that I have to live like this for the rest of my life. I want to reset everything about me whether its looks, gender, personality, memories, I just want to be a different person overall. Being alive is tiring but I have to for my dad, I dont want to make him sad and I still want to repay him. Living is such a burden, I cant even connect with anyone. Why did I have to be born? I was an accident they should have just got rid of me.","Eu gostaria de poder reiniciar a mim mesmo Eu me odeio e eu odeio que eu tenho que viver assim pelo resto da minha vida. Eu quero reiniciar tudo sobre mim se sua aparência, gênero, personalidade, memórias, eu só quero ser uma pessoa diferente em geral. Estar vivo é cansativa, mas eu tenho que fazê- lo para o meu pai, eu não quero deixá- lo triste e eu ainda quero retribuí- lo. Viver é um fardo, eu não posso até me conectar com alguém. Por que eu tive que nascer? Eu fui um acidente que eles deveriam ter acabado de se livrar de mim."
M028,3512,Loneliness,"Anyone else ever feel like there is something fundamentally wrong with them and that hampers them being successful socially? I guess when I compare myself to others I dont understand why it is so hard for me to makemaintain friends much less a gf. I feel inferior to other people, like there is something wrong with me and when people see that , they leave. I dont know what it is or how to fix it. I hate myself.","Qualquer outra pessoa alguma vez sente que há algo fundamentalmente errado com eles e que os impede de ter sucesso social? Acho que quando me comparo com outros não entendo por que é tão difícil para mim fazer amigos muito menos um gf. Sinto- me inferior a outras pessoas, como se houvesse algo de errado comigo e quando as pessoas vêem isso, elas saiam. Não sei o que é ou como consertá- lo. Eu me odeio."
M029,668,Loneliness,"Im so sick of loneliness all the Fucking time.. It seems like no matter where I go, loneliness always come along, friends dont mean a thing if theyre not even there when you really need them, but theyre only there when they need from you and at the end its just a stab in the back, something that has good beginnings like relationships always ends in disappointment, Im not the one to pretend of being someone else just to fit in the crowd and being such a waste just like the rest, some things doesnt work out as the way I want to or like I always expect them to be, everything turns out monotonous, and I wonder is it ever going to change? or is it ever going to end? Im stuck in my head over and over. Is there something that really worth it?","Estou tão cansado de solidão durante todo o maldito tempo.. Parece que não importa onde eu vá, a solidão sempre vem junto, amigos não significa uma coisa se eles não estão mesmo lá quando você realmente precisa deles, mas eles estão lá apenas quando eles precisam de você e no final é apenas uma facada nas costas, algo que tem bons começos como relacionamentos sempre termina em decepção, eu não sou o único a fingir ser alguém só para caber na multidão e ser um desperdício assim como o resto, algumas coisas não funcionam como a maneira que eu quero ou como eu sempre espero que eles sejam, tudo acaba monótono, e eu me pergunto se vai mudar alguma vez? ou vai acabar alguma vez? Estou preso na minha cabeça uma e outra vez. Há algo que realmente vale a pena?"
M030,9641,Loneliness,"I hate this feeling sometimes Every time im walking and I see people laughing with each other, I just get reminded that I lost all my friends and that im alone. Every time I see a couple hugging and giving gifts to each other, Im reminded on how bad I fd up my last relationship. Every time Im sitting down by myself, Im reminded that I dont have someone to wait for, no one to talk to, no notification on my phone.","Eu odeio este sentimento às vezes Toda vez que eu caminhar e vejo pessoas rindo um com o outro, eu apenas sou lembrado que eu perdi todos os meus amigos e que eu sozinho. Cada vez que eu vejo um casal abraçando e dando presentes um ao outro, Eu me lembro de quão ruim eu fd acima meu último relacionamento. Cada vez que eu estou sentado sozinho, Eu me lembro que eu não tenho alguém para esperar, ninguém para conversar, sem notificação no meu telefone."
M031,9224,Loneliness,"Growing into that cranky old man 32 m here. I dont know how hold most of you are, but Ive been lonely for a long time. Not due to lack of opportunity to make friends. In my experience, when youre in your twentie, you can still muster up the courage to try to break the spell. Ive seen it in other people. When youre in your thirties, your loneliness has brought along some habits thay make it difficult to escape it. For instance, wanting quietness in the house, having a hard time changing your schedule, being afraid of people who show love interest for you know theyve fallen for your parade, mistrust of other peoples intentions as every extra person youd allow, can shatter the last hopes At this point hou start to settle in another way than most people settle. Being lonely becomes an identity. You dont make plans in the weekend other than grocery shopping and what your choice of booze will be. You cling to thoughts of rebirth akin what enlightened souls go through. All the while, you recognise the first signs of entrenchment into your old man persona.","Crescendo naquele velho rabugento 32 m aqui. Eu não sei como segurar a maioria de vocês são, mas eu tenho sido solitário por um longo tempo. Não devido à falta de oportunidade de fazer amigos. Na minha experiência, quando você está no seu vinte, você ainda pode reunir a coragem de tentar quebrar o feitiço. Eu vi em outras pessoas. Quando você está nos seus trinta, sua solidão trouxe alguns hábitos que tornam difícil escapar. Por exemplo, querer quietude na casa, ter um momento difícil mudar sua agenda, ter medo de pessoas que mostram interesse por você saber que caíram para o seu desfile, desconfiança de outras pessoas intenções como cada pessoa extra que você permitir, pode quebrar as últimas esperanças Neste ponto você começa a se estabelecer de outra forma do que a maioria das pessoas se assentam. Ser solitário se torna uma identidade. Você não faz planos no fim de semana que não compras e o que sua escolha de bebida será."
M032,3073,Loneliness,I distanced myself from people after being replaced two times by my then best friends. It depressed me to the point that I dont even bother to make friends now for a long time. I push people away now cause I get too attached to whoever show attention to me cause I know Ill be replaced again.,Eu me distanciava das pessoas depois de ter sido substituído duas vezes pelos meus melhores amigos da época. Deprimiu- me até o ponto de que eu nem me incomodo em fazer amigos agora por muito tempo. Eu empurro as pessoas agora porque fico muito apegado a quem mostrar atenção para mim porque eu sei que eu vou ser substituído novamente.
M033,3063,Loneliness,"Im looking for someone to talk Hi! I am 20 years old, woman and i dont have much friends. I thought it would be nice to meetchat with someone. If you are looking for friends, you can DM me! I am a good listener btw.","Estou à procura de alguém para falar Olá! Eu tenho 20 anos, mulher e não tenho muitos amigos. Achei que seria bom conhecer alguém. Se você estiver à procura de amigos, você pode me marcar! Eu sou um bom ouvinte btw."
M034,12364,Loneliness,"I dont know I dont know what to do. I dont know how to solve this problem. I dont know whats wrong with me. I dont know what Im doing wrong. I just dont and its eating me alive. The most random things can trigger a deep feeling of hopelessness which can last for days. After 33 years on this earth I still feel like I have the emotional development of a 3 year old. And I dont know what to do about it. Its perfectly possible Ill feel fine again in a day or so but eventually Ill end up here again. In this pit of despair. I know that noone on this earth feels good all the time. Sometimes things are just bad, its simple as that. But this cant continue.","Eu não sei o que eu estou fazendo errado. Eu simplesmente não sei o que fazer. Eu não sei como resolver este problema. Eu não sei o que está errado comigo. Eu não sei o que eu estou fazendo errado. Eu simplesmente não sei e sua comer- me vivo. As coisas mais aleatórias podem desencadear um sentimento profundo de desesperança que pode durar por dias. Depois de 33 anos nesta terra eu ainda sinto que eu tenho o desenvolvimento emocional de uma criança de 3 anos. E eu não sei o que fazer sobre isso. Sua perfeitamente possível Vou sentir- se bem novamente em um dia ou assim, mas eventualmente Vou acabar aqui novamente. Neste poço de desespero. Eu sei que ninguém nesta terra se sente bem o tempo todo. Às vezes as coisas são apenas ruins, como isso. Mas isso não pode continuar."
M035,3142,Loneliness,"Im so lonely, I dont want to be here anymore Dont get me wrong, I have friends and family that say they care about me and love me, but I often question it. No one asks if Im okay, no one asks to hang out. I am just drifting through life. Ive come to realise that I am the person that helps others discover what happiness means to them, my previous partners have now found their happy ever after since breaking up with me, and while I am so happy for them, and in weird way it brings me comfort knowing that they are, I cant help wonder when it will truly come for me. It has now got to the point where I cant keep going through this pain, I put myself through therapy but I cant shake this feeling that this lifetime was not meant for me. If I end things, then I get to be with my Nan and cat and I wont be lonely anymore. Living wity this feeling day to day is too painful","Estou tão solitário, não quero mais estar aqui Não me entenda mal, tenho amigos e família que dizem que se importam comigo e me amam, mas muitas vezes questiono-a. Ninguém pergunta se estou bem, ninguém pede para ficar por aqui. Eu estou apenas saindo pela vida. Eu venho a perceber que eu sou a pessoa que ajuda os outros a descobrir o que a felicidade significa para eles, meus parceiros anteriores agora encontraram sua felicidade desde que terminaram comigo, e enquanto eu estou tão feliz por eles, e de maneira estranha me traz conforto sabendo que eles são, eu não posso deixar de me perguntar quando ela realmente virá para mim. Agora chegou ao ponto em que eu não posso continuar passando por esta dor, eu me ponho através de terapia, mas eu não posso abalar esta sensação de que esta vida não foi destinada para mim. Se eu terminar as coisas, então eu vou ficar com meu Nan e gato e eu não vou ficar mais solitário."
M036,11854,Loneliness,parents set me up for failure im so damn lonely and it feels like my parents just set me up for failure as they neglected my education and sheltered me and constantly moved around that it was hard to maintain friendships and develop social skills,Os pais prepararam-me para o fracasso tão solitário e parece que os meus pais acabaram de me preparar para o fracasso enquanto negligenciavam a minha educação e me abrigavam e constantemente se moviam que era difícil manter amizades e desenvolver habilidades sociais
M037,1379,Loneliness,"Being alone isnt so bad, til it hits you on a Friday night I have spent the majority of the past four years by myself and I have no problem with that. But sometimes, it reaches the weekend and I see groups of people my age 24 going out and I feel like a social pariah. I have worked on becoming a better friend and person but I want the opportunity to be one. Going out with people i barely know makes it worse because theyve developed meaningful relationships with each other and im just .. the pity tag along. Ive definitely been coping with food and my phone, I used to cope with drugs and alcohol. Side note am neurodivergent and anxious, which doesnt help. How the hell are people making friends nowadays?","Estar sozinho não é tão ruim, até que lhe acerte numa sexta-feira à noite que passei a maioria dos últimos quatro anos sozinho e não tenho nenhum problema com isso. Mas às vezes, chega ao fim de semana e vejo grupos de pessoas da minha idade de 24 anos saindo e sinto-me como um paria social. Trabalhei em tornar-me um amigo e uma pessoa melhor, mas quero a oportunidade de ser um. Sair com pessoas que mal conheço torna pior porque desenvolveram relações significativas um com o outro e apenas .. a marca da pena ao longo. Definitivamente estive lidando com comida e meu telefone, eu costumava lidar com drogas e álcool. A nota lateral é neurodivergente e ansiosa, o que não ajuda. Como as pessoas estão fazendo amigos hoje em dia?"
M038,4050,Loneliness,"the misery son I lose my mother,my heart is burning I wanna my mom back,I have pain in my head,I feel lost and lonely,Im so cold I cant continue","O filho da miséria que perco a minha mãe, o meu coração está queimando, quero a minha mãe de volta, tenho dor na cabeça, sinto-me perdida e solitária, estou tão fria que não posso continuar"
M039,8638,Loneliness,"its sad to be lonely on Christmas and new year, but i always am. Im also lonely on my Birthday and I have no life at all. I just work and sleep And I feel empty.","é triste estar sozinho no Natal e ano novo, mas sempre estou. Também estou sozinho no meu aniversário e não tenho vida nenhuma. Apenas trabalho e durmo E me sinto vazio."
M040,842,Loneliness,"Im a 24 year old year old lonely lonely girl. I live alone and have a cat and truly shes my only companion. I dont talk to people because of my social anxiety and my depression prevents me from being able to go out and meet people, or even begin to care about dating. I would love to do those things but Im terrified and I also am always so fatigued. But I feel so lonely every single day, and Im sitting here sobbing as I write this out because I have no hope anymore. I feel like nobody cares about me or my wellbeing and Im just so lonely in this world.","Eu sou uma garota solitária de 24 anos. Eu moro sozinha e tenho um gato e realmente ela é a minha única companheira. Eu não falo com as pessoas por causa da minha ansiedade social e da minha depressão me impede de sair e conhecer pessoas, ou até mesmo começar a se importar com namorar. Eu adoraria fazer essas coisas, mas eu estou aterrorizado e também estou sempre tão fatigado. Mas eu me sinto tão solitário todos os dias, e estou sentado aqui a chorar enquanto escrevo isso porque não tenho mais esperança. Sinto que ninguém se importa comigo ou com o meu bem- estar e estou tão solitário neste mundo."
M041,2861,Loneliness,"Empty Ive gotten so lonely that I began to feel empty inside. Nothing at all. I lost my best friend to an overdose on a ft call with me. I didnt know it was happening. She wanted me to stay on the phone as she slept. Little did I know she was dying. And now, when I go through things I cant call on her for comfort like she used to do when she needed me. I have a life partner but hes physically and verbally abusive. This is my first time and probably my last time posting. Could use a shoulder or somebody to talk to but I know thats not coming. Im not desired nor am I wanted by anyone and that even as I go through it is terrifying. Im at the end of my rope and have died as many knots as I can. If I could lay down and dream and stay there in my dreams I would. Im happier there. Im tired and just wanna rest. Im so tired","Ive vazia ficou tão sozinha que comecei a sentir vazia por dentro. Nada mesmo. Perdi a minha melhor amiga para uma overdose em uma chamada de pé comigo. Eu não sabia que estava acontecendo. Ela queria que eu ficasse no telefone enquanto ela dormia. Pouco sabia que ela estava morrendo. E agora, quando eu passava por coisas que eu não podia chamá-la para o conforto como ela costumava fazer quando ela precisava de mim. Eu tenho um parceiro de vida, mas ele é fisicamente e verbalmente abusivo. Esta é minha primeira vez e provavelmente minha última vez postando. Poderia usar um ombro ou alguém para falar com, mas eu sei que isso não vem. Eu não sou desejado nem sou desejado por ninguém e que mesmo enquanto eu passar por isso é aterrorizante. Estou no fim da minha corda e tenho morrido tantos nós quanto eu posso. Se eu pudesse deitar e sonhar e ficar lá em meus sonhos eu ficaria. Eu estou mais feliz lá. Estou cansada e só quero descansar."
M042,6181,Loneliness,"Im so utterly lonely and touch starved Youd think one would get used to it and find someone to at least talk to, guess not. 25 years old and suffering from crippling loneliness everyday. I cant seem to accept it, I wish I could. It doesnt make sense to live like this in a world of so many people...","Eu sou tão totalmente solitário e tato faminto Você acha que alguém se acostumaria com ele e encontraria alguém com quem pelo menos conversar, adivinhe que não. 25 anos de idade e sofrendo de solidão paralisante todos os dias. Eu não posso aceitá-lo, eu gostaria de poder. Não faz sentido viver assim em um mundo de tantas pessoas..."
M043,1422,Loneliness,Alone inside is the worse Does anyone ever feel like a stranger locked inside looking at the outside world unfolding. I am left feeling i dont belong anywhere. Peoples interests not only differ vastly from my own but the roee colored glasses they were about life make it worse to live down.,"Sozinho por dentro é o pior Alguma vez alguém se sente como um estranho trancado por dentro olhando para o mundo exterior se desenrolando. Estou ficando sentindo que não pertenço a lugar nenhum. Os interesses dos povos não só diferem muito do meu, mas os óculos coloridos que eles eram sobre a vida tornam pior viver para baixo."
M044,260,Loneliness,"Should I just accept that Ill stay alone forever? I f26 cannot connect with others. My interests and values are those of a minority and I cant seem to get past the initial idealization stage on the behalf of other people, Im also neurodivergent so even my thinking is different and Im frequently being misunderstood. Ive given up on a romantic partner but its harder to accept that Im not gonna connect with my people. There were rare occasions where I met great people that I just clicked and vibed with but it was always timely limited.","Devo apenas aceitar que eu fique sozinho para sempre? Eu f26 não posso conectar com os outros. Meus interesses e valores são os de uma minoria e eu não pareço conseguir passar o estágio inicial de idealização em nome de outras pessoas, Eu também sou neurodivergente, então mesmo meu pensamento é diferente e eu estou frequentemente sendo mal entendido. Eu desistir de um parceiro romântico, mas é mais difícil de aceitar que eu não vou se conectar com o meu povo. Houve raras ocasiões em que eu conheci pessoas grandes que eu simplesmente cliquei e vibrado com, mas que sempre foi limitado a tempo."
M045,6400,Loneliness,"Im 29, living in Ukraine, and I just want to meet one real person Hi. I dont really know how to start this, but Ill try to keep it simple and honest. I live in a small town in Ukraine. Because of the situation in my Country, I cant leave. Ive been feeling extremely isolated. Im turning 30 in three months, and for a long time now Ive had no friends, no one to talk to, no one to just be real with. People have used me before. I trusted the wrong ones. And now I struggle deeply with trusting anyone at all. Ive been hiding behind work, meaningless purchases, and pretending like Im fine  but Im not. Im tired. Im scared. I just want one person to see me. Just one. I dont want endless online conversations. I want to start something real that can move into real life  even just a walk, a real talk, anything. I know its hard with distance. But maybe someone else is out there in Ukraine, or even near me, who feels the same. Maybe someone wants to be found. Even if nothing happens, thank you for reading. It already means something.","Eu sou 29, vivendo na Ucrânia, e eu só quero encontrar uma pessoa real Oi. Eu realmente não sei como começar isso, mas eu vou tentar mantê- lo simples e honesto. Eu vivo em uma cidade pequena na Ucrânia. Por causa da situação no meu país, eu não posso sair. Eu tenho estado me sentindo extremamente isolado. Eu estou fazendo 30 anos, e por um longo tempo eu já não tinha amigos, ninguém para falar, ninguém para ser apenas real com. As pessoas têm usado- me antes. Eu confiei nos errados. E agora eu luto profundamente com confiar em alguém em tudo. Eu tenho estado se escondendo atrás do trabalho, compras sem sentido, e fingindo como eu estou bem, mas eu não estou. Estou cansado. Eu só quero que uma pessoa me veja. Apenas um. Eu não quero conversas intermináveis online. Eu quero começar algo real que pode mudar para a vida real, mesmo apenas uma caminhada, uma conversa real, qualquer coisa. Eu sei o seu difícil com distância. Mas talvez alguém está lá fora, ou mesmo perto de mim."
M046,6592,Loneliness,"I made you guys a little tin foil pal, his names Bill  He was supposed to be my only friend but I figured kindness is underrated","Fiz de vocês um amiguinho de papel de lata, os nomes dele Bill Ele era para ser o meu único amigo, mas achei que a bondade é subestimada."
M047,5840,Loneliness,"Advice please for heart pain from loneliness? Hiya lonely folks! Ive been getting painful heartaches, mostly late at night when im very lonely. i cant help but cry and then i get intense painful ache and emptiness in my chest. It feels tight like someone is actually squeezing my heart. I am concerned about the amount of physical pain in my chest its only gotten more intense over the years of loneliness. I exercise, dont drink or smoke much and im a woman in my mid 20s. Im trying my best to work on the loneliness. i have a couple of friends and do my best to live for others. Even if i dont like myself. I always try to make someone smile everyday because if you cant smile making someone else smile is the next best thing. My loneliness comes from a lack of physical intimacy. Does anyone else get these intense chest pains? If so what techniques do you have to reduce the pain? So far i just try deep breaths and let myself cry it out. To all my fellow lonely strangers, I wish you all the best on our journeys out of this cruel cave!!","Aconselhamento por favor para a dor do coração da solidão? Pessoal solitário! Eu tenho ficado com dor dolorosa, na maioria das vezes até tarde da noite quando eu estou muito solitário. Eu não posso ajudar mas chorar e então eu fico com dor dolorosa intensa e vazio no meu peito. Sinto-me apertado como se alguém estivesse realmente apertando meu coração. Estou preocupado com a quantidade de dor física no meu peito que só ficou mais intensa ao longo dos anos de solidão. Eu faço exercício, não bebo ou fumo muito e im uma mulher no meu meio dos 20 anos. Estou tentando o meu melhor para trabalhar na solidão. Eu tenho um par de amigos e faço o meu melhor para viver para os outros. Mesmo que eu não goste de mim mesmo. Eu sempre tento fazer alguém sorrir todos os dias porque se você pode sorrir fazendo alguém sorrir é a próxima coisa melhor. Minha solidão vem de uma falta de intimidade física. Alguém mais recebe essas dores do peito intensas? Se assim que as técnicas você tem para reduzir a dor?"
M048,3704,Loneliness,"why do I fall so low with my friendship and other stuff? Every time I talk to someone, it is like they dont like me anymore, afterwards. it is getting me to the point where I am losing it and cant help myself anymore. Someone please talk to me, I hate being alone at a time where I lose myself","Por que eu caio tão baixo com a minha amizade e outras coisas? Toda vez que falo com alguém, é como se eles não gostassem mais de mim, depois. está me levando ao ponto em que estou perdendo-a e não posso mais me ajudar. Alguém por favor fale comigo, eu odeio estar sozinho num momento em que eu me perco"
M049,1049,Loneliness,"Loneliness For Ages 5570 Hi. I am 61, female and divorced for 20 some years. I think I was born lonely and insecure. I never felt wanted by most peer groups. As young as kindergarten my teacher wrote on my report card I hope M___ finds happiness in life. Junior high was the nightmare from hell with bullying, lots of unkind words, males trying to get their hand in my pants by using force. The majority of my life has been spent in a constant state of worry, anxiety and loneliness. I was my mothers caregiver for the past 11 years and she died in September. Now I am alone in this house feeling guilt for all the things I did wrong as her caregiver. My children and grandchildren are all in VA but I have to stay here indefinitely for financial reasons. Loneliness, depression and anxiety are all part of the same thing and it is hell on earth! I am just hoping there is someone who can relate to any of this.","Solitária Por 5570 anos Oi. Eu tenho 61 anos, fêmea e divorciada por 20 anos. Acho que nasci solitária e insegura. Nunca me senti desejada pela maioria dos grupos de pares. Assim como o jardim de infância meu professor escreveu no meu boletim de relatórios espero que M___ encontre felicidade na vida. Júnior High foi o pesadelo do inferno com bullying, muitas palavras desagradáveis, machos tentando colocar a mão nas minhas calças usando a força. A maioria da minha vida tem sido gasta em um constante estado de preocupação, ansiedade e solidão. Eu fui minha mãe cuidadora durante os últimos 11 anos e ela morreu em setembro. Agora estou sozinho nesta casa sentindo culpa por todas as coisas que fiz errado como cuidador. Meus filhos e netos estão todos em VA, mas eu tenho que ficar aqui indefinidamente por razões financeiras. Solitária, depressão e ansiedade são todas parte da mesma coisa e é o inferno na terra! Só espero que haja alguém que possa se relacionar com qualquer coisa."
M050,2854,Loneliness,"Love you all It hurts like hell having no one reach out to you and having to always being the only one to make the first call. Im sorry to everyone feeling this way. After a long work week, Im finally home trying to relax, but I just get sad and start feeling so damn lonely or depressed. Im sending my love to everyone here and feeling down or torn up because of this. This sub shows me Im not alone in these struggles and were all just human beings who want to be with others. We are not freaks or lovers, just normal people who just want that love, warmth, support and comfort. Im sorry everyone. I want whoever is reading this to please know what were feeling is natural. I really love and pray for all of us. I hope well all find that love and the companions were looking for.","Amá- los todos. Dói como o inferno não ter ninguém ao alcance de vocês e ter que ser sempre o único a fazer a primeira chamada. Lamento que todos se sintam assim. Depois de uma longa semana de trabalho, finalmente estou em casa tentando relaxar, mas fico triste e começo a sentir- me tão solitária ou deprimida. Estou enviando o meu amor a todos aqui e sentindo- me desanimado ou destruído por causa disso. Este submestre me mostra que não estou sozinho nestas lutas e eram todos seres humanos que queriam estar com os outros. Não somos aberrações ou amantes, apenas pessoas normais que só querem esse amor, calor, apoio e conforto. Quero que quem estiver lendo isto saiba por favor o que sentia é natural. Eu realmente amo e rezo por todos nós. Espero que todos encontrem esse amor e os companheiros estavam procurando."
M051,6749,Anxiety,"I just realised the reason I panic when I make mistakes is because I was punished for mistakes in my childhood. One of my earliest memories is from when I was about 4 years old. While I was playing in the garden I fell over and injured my hand. My knuckle was bleeding quite a lot and I still have a scar from the injury to this day. Crying, I ran inside to my mother. After treating my wound, she spanked me as punishment for my mistake. If my mother had decided to give me comfort and reassurance in these kinds of situations, maybe in my adulthood, when I made a mistake, my natural response would be to try to soothe myself and calm down. Instead, when I make a mistake, my natural response is to feel anxiety or panic, and its really difficult for me to calm down. Im hoping that this realisation will be the first step towards me being able to overwrite my childhood conditioning and learn how to treat myself with acceptance and understanding.","Apenas percebi que a razão pela qual entrei em pânico quando cometo erros é porque fui punido por erros na minha infância. Uma das minhas memórias mais antigas é de quando eu tinha cerca de 4 anos. Enquanto estava jogando no jardim, caí e machuquei a minha mão. Meu dedo estava sangrando bastante e ainda tenho uma cicatriz da lesão até hoje. Chorando, eu corri para dentro da minha mãe. Depois de tratar a minha ferida, ela me espancou como punição pelo meu erro. Se minha mãe tivesse decidido me dar conforto e segurança neste tipo de situações, talvez na minha idade adulta, quando cometi um erro, minha resposta natural seria tentar me acalmar e acalmar. Em vez disso, quando cometo um erro, minha resposta natural é sentir ansiedade ou pânico, e é realmente difícil para mim acalmar. Espero que esta realização seja o primeiro passo para eu ser capaz de sobreescrever o condicionamento da minha infância e aprender como me tratar com aceitação e compreensão."
M052,9612,Anxiety,"Anyone else suffer from depression too and have to decide whether or not to drink coffee because its a choice between my anxiety being worse or being exhausted all day? Holy crap I didnt think this would get this far up there, thanks everybody its good to know Im not alone. Im sorry you guys have to experience this too though, I wish I could answer all the comments but just know Ive read them all and theyre all appreciated! This sub is a fantastic group of people.","Mais alguém sofre de depressão também e tem que decidir se beber ou não café porque é uma escolha entre minha ansiedade ser pior ou estar exausto o dia todo? Santo Deus eu pensei que isso não iria chegar tão longe lá, obrigado a todos o seu bem para saber Não estou sozinho. Sinto muito que vocês têm que experimentar isso também, eu gostaria de poder responder a todos os comentários, mas apenas saber que eu li todos eles e eles são todos apreciados! Este sub é um grupo fantástico de pessoas."
M053,2479,Anxiety,"Ive learned that one of the best ways to overcome anxiety is to listen and take care of your body. It is the only boss. Im 25F and I have anxiety. Obsessive and intrusive thoughts. Panic. Paranoia. Constant worry. Incapacity of joy and calmness. All this in a loop. All of this makes me forget about my body. So it accumulates a huge amount of stress. When my body is relaxed, my mind follows it. I always forget about this. Always. And if I remember I dont do anything about it because Im too busy worrying about shit. Take a deep, really deep deep breath. Hold it. Let it go. Dance. Take warm or cool baths. Comb your hair. Drink lots of water. Stretch. Take sunbathes. Hydrate your skin. Put your feet on scented water. Run. Ride a bicycle. Cry. Walk on the rain. Get a massage. Feel the wind on your face. Get a sweet hug from a loved one. Your mind will follow.","Ive aprendeu que uma das melhores maneiras de superar a ansiedade é ouvir e cuidar do seu corpo. É o único chefe. Im 25F e eu tenho ansiedade. Pensamentos obsessivos e intrusivos. Pânico. Paranoia. Preocupação constante. Incapacidade de alegria e calma. Tudo isso num loop. Tudo isso me faz esquecer o meu corpo. Então acumula uma enorme quantidade de estresse. Quando o meu corpo está relaxado, minha mente o segue. Sempre me esqueci disso. Sempre. E se eu me lembro de não fazer nada sobre isso porque estou muito ocupado preocupado com a merda. Tome uma respiração profunda, realmente profunda. Segure- o. Deixe- o ir. Dance. Tome banhos quentes ou frescos. Comba o seu cabelo. Beba muita água. Estire. Tome banhos de sol. Hidrate a sua pele. Coloque seus pés em água perfumada. Corra. Passeie uma bicicleta. Cry. Passeie na chuva. Faça uma massagem. Sinta o vento no seu rosto."
M054,10171,Anxiety,"I am incredibly lonely all the time, but I feel so relieved when I dont have to be around ppl. Anybody else experience something similar? EditIm not sure if anyone will see this edit, but thank you all for commenting on this post. Reading all your comments has been comforting, but also heartbreaking knowing there are so many of us that struggle with something that seems so simplebeing around other humans I went to bed last night feeling very defeated as I gave into my anxiety yet again and bailed on a social event to stay home and be alone. However, I woke up this morning to see all these responses and they honestly made me emotional because now I see so many people struggling with this same thing! There is probably ppl even in my own apartment building that feel this way and I cant reach them! I cant find them because of my anxiety holding me back. This viscous cycle has to be broken.... We are weakest alone. We need each other. We can not accept isolation.","Estou incrivelmente solitário o tempo todo, mas sinto- me tão aliviado quando não tenho que estar ao redor do ppl. Alguém mais experimenta algo semelhante? EditarNão tenho certeza se alguém vai ver esta edição, mas obrigado a todos por comentar neste post. Ler todos os seus comentários tem sido reconfortante, mas também desgarrativo saber que há tantos de nós que lutam com algo que parece tão simples ser em torno de outros humanos que fui para a cama sentindo-me muito derrotado como eu dei em minha ansiedade mais uma vez e fugi de um evento social para ficar em casa e estar sozinho. No entanto, eu acordei esta manhã para ver todas essas respostas e eles honestamente me fez emocionar porque agora vejo tantas pessoas lutando com esta mesma coisa! Há provavelmente ppl mesmo no meu próprio prédio de apartamentos que sentem assim e eu não posso alcançá-los! Eu não posso encontrá-los por causa da minha ansiedade me segurando de volta. Este ciclo viscoso tem que ser quebrado.... Nós somos mais fracos. Nós não podemos aceitar isolamento."
M055,1398,Anxiety,"Anxiety means constantly trying to figure out whether that feeling in your gut telling you to ABORT MISSION! is real and important and should be listened to, or whether its irrational catastrophizing that should be confronted and ignored. Am I setting myself up for disaster? Or is my overthinking and constant questioning whats setting me up for disaster?","Ansiedade significa constantemente tentar descobrir se essa sensação no seu intestino dizendo para você para a MISSÃO ABORT! é real e importante e deve ser ouvida, ou se sua catastrofização irracional que deve ser confrontada e ignorada. Estou me configurando para o desastre? Ou está o meu pensamento excessivo e questionamento constante o que está me configurando para o desastre?"
M056,533,Anxiety,"Anxiety the second I wake up Does anybody else wake up normally in the morning and the second your eyes open the racing thoughts and mind just kick into overdrive? It lasts about maybe 1015 minutes before going down, but it completely fucks up the tone of the rest of my day. Idk why it happens, but 90 of the time nothing is actually wrong, its like a chemical rush of being still in your sleeping statewaking up. Any idea why it happens and how do you deal with it? I have been feeling very anxious in my waking life recently dealing with health anxiety, so thats probably it, but still, this is no fun  Edit thank you so much for the responses. Im learning a lot, but also find relief in knowing Im not alone. I hope everyone finds some relief. Feel free to pm if you ever need to talk.","Ansiedade no segundo que eu acordar Alguém mais acorda normalmente de manhã e no segundo que seus olhos abrem os pensamentos da corrida e a mente apenas dão um chute no overdrive? Dura cerca de 1015 minutos antes de descer, mas estraga completamente o tom do resto do meu dia. Idk por que acontece, mas 90 das vezes nada está realmente errado, é como uma corrida química de estar ainda em seu estado de sono a acordar. Alguma idéia de por que acontece e como você lida com isso? Eu tenho estado muito ansioso na minha vida recente lidando com a ansiedade de saúde, então isso provavelmente é, mas ainda assim, isso não é divertido Editar muito obrigado pelas respostas. Estou aprendendo muito, mas também encontrar alívio em saber que não estou sozinho. Espero que todos encontrem algum alívio. Sinta- se livre para o pm se você precisar conversar."
M057,4157,Anxiety,"I had a hard day, so I treated myself to some sushi. If you also had a bad day, I hope you treat yourself too  Edit thank you for the awards kind internet strangers  also, it is so good to read that others are being good to themselves too!","Eu tive um dia difícil, então eu me tratei com algum sushi. Se você também teve um dia ruim, eu espero que você se trate também Editar obrigado pelos prêmios estranhos da internet, também, é tão bom ler que outros estão sendo bons consigo mesmos!"
M058,1554,Anxiety,"does anyone else adore the rain? I have no idea why, but when it rains or when it storms it gives me so much peace of mind. it helps me for some reason and it eases my body and it allows me to relax therefore easing my anxiety symptoms. its raining right now and I feel so care free and good Im not sure why. does anyone else feel this. I get so happy when it rains and i100 prefer it over a sunny day.","Alguém mais adora a chuva? Não faço ideia porquê, mas quando chove ou quando tempestade me dá tanta tranquilidade mental. ajuda- me por alguma razão e facilita o meu corpo e permite- me relaxar, portanto, aliviando os meus sintomas de ansiedade. sua chuva agora e sinto- me tão livre e bom Não sei por que. alguém mais sente isso. Fico tão feliz quando chove e i100 prefere- o sobre um dia ensolarado."
M059,9064,Anxiety,"Does anyone elses anxiety give you physical symptoms even hours after you actually got anxious? So its almost 530 and I cant sleep because my heart is racing. I had some bad anxiety a few hours ago, and I was also dumb enough to consume caffeine today. Edit Wow, I didnt expect so many people to relate! Ill try to readreply to as many comments as I can when time permits. And thank you soooo much for the silver, helpful, and wholesome awards!!","Alguém mais a ansiedade lhe dá sintomas físicos mesmo horas depois de você realmente ficar ansioso? Então, é quase 530 e eu não consigo dormir porque meu coração está acelerando. Eu tive alguma ansiedade ruim há algumas horas, e eu também fui burro o suficiente para consumir cafeína hoje. Editar Uau, eu não esperava que tantas pessoas se relacionassem! Vou tentar ler todos os comentários que eu puder quando o tempo permitir. E obrigado muito para os prêmios prateados, úteis e saudáveis!!"
M060,8439,Anxiety,Does anyone else the problem where they will feel totally fine and then realize they dont feel anxious and that in turn causes you to have anxiety? When ever Im relaxing feeling good Ill think about the fact that I feel good and not anxious and it makes me have anxiety.,"Será que mais alguém o problema em que se sentirá totalmente bem e então perceberá que não se sente ansioso e que, por sua vez, faz com que você tenha ansiedade? Quando alguma vez estou relaxando sentindo- me bem Pensarei no fato de que me sinto bem e não ansiosa e isso me faz ter ansiedade."
M061,981,Anxiety,Guys I made it to the gym today!! After having signed up online in October! Edit to add Ive now gone THREE days in a row! I even used TWO machines!!!!,Rapazes eu cheguei ao ginásio hoje!! Depois de ter se inscrevido online em outubro! Editar para adicionar Eu já fui TRES dias seguidos! Eu até usei duas máquinas!!!!
M062,2970,Anxiety,Does anyone else just convince themselves they need to stop talking Sometimes at night Ill go over the things I said during the day and just cringe at myself and think everyone was so annoyed with me and then I convince myself that I need to stop talking and be a neutral person with no personality. Does anyone else do this??,Alguém se convence a si mesmo de que precisa parar de falar Às vezes à noite vou repassar as coisas que eu disse durante o dia e simplesmente me arrepiar e pensar que todos estavam tão chateados comigo e então eu me convenço de que eu preciso parar de falar e ser uma pessoa neutra sem personalidade. Alguém mais faz isso??
M063,9375,Anxiety,"People with health anxiety, read this! Health anxiety ruined a year of my life with a million doctors visits and sleepless nights and I want to set the record straight for everyone still suffering. Dont fall into the spiral. 1. Healthy bodies have weird sensations 2. Healthy bodies have tinglings, numbness and even random pain 3. Healthy bodies have sudden headaches 4. Healthy bodies have all manner of random shit happen all the time. Anxiety will produce a number of symptoms that will manifest in your mind if you focus on them enough. If you obsess about brain cancer all night, your anxiety will in time manifest all the symptoms you fear if you look hard enough. It is not real. Go on with your day. You deserve to enjoy your health while you have it. Dont selfsabotage. Take a deep breath, you got this.","Pessoas com ansiedade de saúde, leia isto! A ansiedade de saúde arruinou um ano da minha vida com um milhão de visitas médicas e noites sem sono e eu quero esclarecer o registro para todos que ainda sofrem. Não caia na espiral. 1. Os corpos saudáveis têm sensações estranhas 2. Os corpos saudáveis têm formigamentos, entorpecimento e até mesmo dor aleatória 3. Os corpos saudáveis têm dores de cabeça súbitas 4. Os corpos saudáveis têm todo o tipo de merda aleatória acontecem o tempo todo. A ansiedade irá produzir um número de sintomas que se manifestará na sua mente se você se focar neles o suficiente. Se você obcecar sobre o câncer cerebral toda a noite, a sua ansiedade irá manifestar com o tempo todos os sintomas que teme se olhar com força o suficiente. Não é real. Continue com o seu dia. Você merece desfrutar da sua saúde enquanto o tem. Não se autosabote. Respire fundo, você obteve isso."
M064,7607,Anxiety,"I GOT THE FIRST DOSE OF MY VACCINE! Got it a little over two hours ago and Im really happy. I struggled with the idea of taking it because all the possible side effects had my hypochondriac mind on edge but when my dad asked me if I wanted to get it today I said yes on the spur of the moment, and then followed through. I feel fine at the moment. The only downside is that the side effects I have to look out for are almost exactly the same as manifestations of my anxiety, but Im a little too relieved to think about it right now. Edit missed word","Eu tenho a primeira dose da minha vacina! Consegui um pouco mais de duas horas atrás e eu estou realmente feliz. Eu lutei com a idéia de tomá-la porque todos os efeitos colaterais possíveis tiveram minha mente hipocondríaca na borda, mas quando o meu pai me perguntou se eu queria conseguir hoje eu disse sim no espinho do momento, e então seguiu através. Eu me sinto bem no momento. O único lado negativo é que os efeitos colaterais que eu tenho que olhar para fora são quase exatamente os mesmos que as manifestações da minha ansiedade, mas estou um pouco aliviado demais para pensar sobre isso agora mesmo. Editar palavra perdida"
M065,10408,Anxiety,To my fellow health anxiety sufferers...lets all take a moment to say fk you to heart palpitations. All it takes is one heart palpitation and Im anxious for the next hour. I type this as Im having slight anxiety and palpitations.,Para meus companheiros que sofrem de ansiedade em saúde... tudo leva um momento para dizer fk você para palpitações cardíacas. Tudo o que é preciso é uma palpitação cardíaca e eu estou ansioso para a próxima hora. Eu digito isto como eu estou tendo ligeira ansiedade e palpitações.
M066,10905,Anxiety,"Has anyone else had a huge increase in anxiety since covid startedgot worse in the US? So Ive always had anxiety, but Im usually able to function pretty normally. Im 23, and working as an engineer. My company is part of a critical industry, so weve been open, and Ive worked on site everyday since the pandemic began. At first I was fine, I just did my best to stay home when I wasnt at work. Since the fall things have slowly been getting worse, Im constantly worried that any slight change in how I feel is covidrelated, and Im terrified of being the reason someone I care about dies of covid. Its affected my appetite, making me lose weight, made me cry much more often than ever before, and avoid seeing even the two friends I decided to share a bubble with when this all began. Has anyone else experienced this? I dont know what to do to control it or convince myself that Im not sick when every week I have a new reason to think otherwise","Alguém mais teve um enorme aumento de ansiedade desde que o coví começou a piorar nos EUA? Então eu sempre tive ansiedade, mas eu geralmente sou capaz de funcionar bastante normalmente. Im 23, e trabalhar como engenheiro. Minha empresa é parte de uma indústria crítica, então nós estivemos abertos, e eu trabalhei no local todos os dias desde que a pandemia começou. No início eu estava bem, eu apenas fiz o meu melhor para ficar em casa quando eu não estava no trabalho. Desde o outono as coisas têm estado piorando lentamente, eu estou constantemente preocupado que qualquer mudança ligeira em como me sinto está relacionada com o covíd, e estou aterrorizado de ser a razão de alguém que me importa morrer de covíd. Ela afetou meu apetite, fazendo-me perder peso, me fez chorar muito mais frequentemente do que nunca antes, e evitar ver até mesmo os dois amigos que decidi compartilhar uma bolha com quando tudo isso começou. Alguém mais experimentou isso? Eu não sei o que fazer para controlá-lo ou convencer-me de que eu não estou doente quando tenho uma nova razão para pensar em outra."
M067,1512,Anxiety,"I slept with the lights off for the first time in 15 years Ive had crippling nighttime anxiety around someone hiding in my apartment and watching me. It has severely impacted my sleep and Ive had to sleep with all the lights on, locks on all of my doors, just every coping mechanism possible since I was 8 or 9. For the past 2 years Ive been in therapy and doing small exposures to disprove this belief that I have. Last night was the first time I could turn off all the lights in my bedroom and sleep in the dark. Seems small but Im proud","Dormi com as luzes apagadas pela primeira vez em 15 anos Eu tive ansiedade noturna enfraquecedora em torno de alguém se escondendo no meu apartamento e me observando. Isso tem impactado gravemente meu sono e eu tive que dormir com todas as luzes acesas, tranca em todas as minhas portas, apenas todos os mecanismos de enfrentamento possíveis desde que eu tinha 8 ou 9. Durante os últimos 2 anos Eu estive em terapia e fazendo pequenas exposições para refutar esta crença que eu tenho. Ontem à noite foi a primeira vez que eu pude desligar todas as luzes no meu quarto e dormir no escuro. Parece pequeno, mas estou orgulhoso."
M068,5404,Anxiety,"A cute comic today. It came with the tagline oh, dont cry  proven to stop all crying, 100 of the time","Um cômico bonito hoje. Veio com a marcação oh, não chore provou parar todos os choros, 100 do tempo"
M069,9090,Anxiety,I saw a saying that read Never get so comfortable in pain that you forget happiness is still an option Just thought someone might need this.,Eu vi um ditado que leia Nunca fique tão confortável com dor que você se esqueça da felicidade ainda é uma opção Apenas pensei que alguém poderia precisar disso.
M070,1542,Anxiety,"has anyone elses anxiety worsened so much during quarantine? i had ocd, health anxiety, panic disorder, and gad. everything was under control and then during quarantine being stuck inside made me go fucking insane. i think of quarantine as like a metaphor for being stuck inside just like were stuck inside our heads and have trouble with the external world. this has been absolute hell. my heart is always racing i think i have a heart disease.","Alguém piorou tanto a ansiedade durante a quarentena? Eu tinha ocd, ansiedade de saúde, distúrbio de pânico, e gad. tudo estava sob controle e, em seguida, durante a quarentena ser preso dentro me fez ficar louco. Eu penso em quarentena como uma metáfora para estar preso dentro como estavam presos dentro de nossas cabeças e têm problemas com o mundo externo. isto tem sido um inferno absoluto. meu coração está sempre acelerando eu acho que tenho uma doença cardíaca."
M071,3345,Anxiety,"Im a young kid with really terrible death anxiety. For the first time, Im visiting my grandfathers grave. Grabbed some ice cream on the way... feeling very nervous but wish me luck, going with a smile for him!","Sou um garoto com ansiedade de morte realmente terrível. Pela primeira vez, estou visitando o túmulo dos meus avôs. Peguei um pouco de sorvete no caminho... sentindo-me muito nervoso, mas desejo-me sorte, indo com um sorriso para ele!"
M072,155,Anxiety,"I cant believe this is the timeline I cant believe everything happening in the United States right now. I cant believe this guy got voted back in. The signs were all there, we knew this would happen. Im honestly so stunned and full of despair idk what to do. Im so scared all the time.","Eu não posso acreditar que esta é a linha do tempo que eu não posso acreditar em tudo que acontece nos Estados Unidos agora. Eu não posso acreditar que este cara foi votado de volta. Os sinais estavam todos lá, nós sabíamos que isso aconteceria. Estou honestamente tão atordoado e cheio de desespero idk o que fazer. Estou tão assustado o tempo todo."
M073,1790,Anxiety,"Any other Americans here feel like theyre on the verge of constant panic attacks since the inauguration? Im a woman. Im a person of color. I have chronic pain and autoimmune diseases. I literally cannot read or watch the news because theres constantly a new reason for my anxiety to spike. Which I hate, because I try very hard to be informed and aware.","Algum outro americano aqui sente que está à beira de ataques de pânico constantes desde a inauguração? Sou uma mulher. Sou uma pessoa de cor. Tenho dor crônica e doenças autoimunes. Literalmente não consigo ler ou assistir as notícias porque há constantemente uma nova razão para minha ansiedade aumentar. O que odeio, porque tento muito ser informado e consciente."
M074,1823,Anxiety,"Today is my twelfth day sleeping on time and eating all 5 meals Well, 2 weeks ago I made a post on this sub, venting a bit what was going through my mind at the time. I was very anxious and stressed, eating poorly and very little even sometimes just once a day. My nights were very particular, sometimes sleeping less than 4 hours a day every day. Today concludes the second week in which I sleep early and wake up comfortably. Besides complying with 5 meals a day, especially breakfast which I missed SO MUCH. I went back to exercising, playing the guitar, playing chess online. I still have a lot to do, and although the current situation is not the best I can say that I am ready to go back to work with a positive mindset!","Hoje é o meu duodécimo dia dormindo no horário e comendo todas as 5 refeições Bem, há 2 semanas eu fiz um post neste sub, ventilando um pouco o que estava passando pela minha mente na época. Eu estava muito ansioso e estressado, comendo mal e muito pouco mesmo às vezes apenas uma vez por dia. Minhas noites foram muito particulares, às vezes dormindo menos de 4 horas por dia todos os dias. Hoje conclui a segunda semana em que eu durmo cedo e acordo confortavelmente. Além de cumprir com 5 refeições por dia, especialmente café da manhã que eu perdi SO MUCH. Voltei a fazer exercício, tocar guitarra, jogar xadrez online. Ainda tenho muito a fazer, e embora a situação atual não seja o melhor que posso dizer que estou pronto para voltar a trabalhar com uma mentalidade positiva!"
M075,2475,Anxiety,"To whoever is scrolling through Reddit right now, heres your reminder... Unclench your jaw. Drop your shoulders. Take a deep breath in and hold it...and slowly let it go. Have a wonderful Monday, beautiful!","A quem estiver percorrendo Reddit neste momento, aqui está o seu lembrete... Aperte a mandíbula. Largue os ombros. Respire fundo e segure-o... e devagar deixe- o ir. Tenha uma segunda-feira maravilhosa, linda!"
M076,6445,Stress,"Physiological Sighs for stress reduction In this video Andrew Huberman, a neuroscientist, explains how physiological sighs are useful for stress and anxiety reduction. Theres also a paper published on Cell about this. Ive tried, and it works.","Suspiros fisiológicos para redução de estresse Neste vídeo, Andrew Huberman, um neurocientífico, explica como os suspiros fisiológicos são úteis para redução de estresse e ansiedade. Há também um artigo publicado na Cell sobre isso. Eu tentei, e funciona."
M077,1104,Stress,How to deal with stress about an upcoming situation? I have an upcoming situation court case and whenever I think about it I get a mild headache and I feel a little queasy. I have tried to reframe my thinking about it but just have this impending sense of fear or something I cant quite explain. Are there any suggestions on how I could deal with this?,"Como lidar com o estresse sobre uma situação próxima? Tenho um caso de tribunal de situação próxima e sempre que penso nisso, tenho uma leve dor de cabeça e sinto-me um pouco enjoado. Tentei reformular meu pensamento sobre isso, mas apenas tenho este iminente sentimento de medo ou algo que não consigo explicar. Há alguma sugestão sobre como eu poderia lidar com isso?"
M078,5325,Stress,"What about  the rest of us. Those who have a heart, and actually care for others. Those who are willing to give people the benefit of the doubt. Some of us actually care about you. Yes, You stranger reading this Those of us who understand struggle realize that it doesnt have to be just on your shoulders. As long as you and I respect each other, I have no reason to hate you, dislike you, want the worst for you, take advantage of you. Id rather be your good friend, explore the wonders of the world with a smile with you. Drink a beer with you. Get hammered and have the craziest night with you. Ride with you, swim with you. Cry with you, have a wonderful night with you. Why, are there so many women and men out there who want to take advantage of others. Treat each other better, BE BETTER, and LIFE will be EASIER, and more SATISFYING.","E quanto ao resto de nós. Aqueles que têm um coração, e realmente cuidam dos outros. Aqueles que estão dispostos a dar às pessoas o benefício da dúvida. Alguns de nós realmente se importam com você. Sim, você estranho lendo este Aqueles de nós que entendem luta percebem que não tem que estar apenas em seus ombros. Enquanto você e eu respeitar um ao outro, eu não tenho nenhuma razão para o odiar, desagradá- lo, querer o pior para você, tirar proveito de você. Prefiro ser seu bom amigo, explore as maravilhas do mundo com você. Beba uma cerveja com você. Seja martelada e tenha a noite mais louca com você. Cavalgue com você, nadar com você. Chore com você, tenha uma noite maravilhosa com você. Por que, há tantas mulheres e homens lá fora que querem tirar vantagem dos outros. Trate-se melhor, BETTER, e a vida será mais fácil, e mais SATISFIA."
M079,641,Stress,"CONSTANTLY FEELING OVERWHELMED Up until about 6 months ago, I was constantly feeling overwhelmed. I made a video on what cleared my head and helped me feel better . VIDEO","SENTIMENTO CONSTANTAMENTE OVERWELMED Até cerca de 6 meses atrás, eu estava constantemente me sentindo sobrecarregado. Eu fiz um vídeo sobre o que clareou minha cabeça e me ajudou a me sentir melhor . VIDEO"
M080,6804,Stress,Why are people so stupid. So I work with a guy that is not taking the virus seriously. He lets his kids go out and do whatever they want. Hes already had to be tested 7 times and Ive had to be tested twice. I guess he just dont care who he gets sick. Ive tried talking to him about it and he said it his choice to do what he and his kids do. Its a free country. I have a mother with cold that lives with me and I swear to God if he gets her sick he will pay. Im constantly worried about covid now because he wont do the right thing.,Por que as pessoas são tão estúpidas. Então eu trabalho com um cara que não está levando o vírus a sério. Ele deixa seus filhos sair e fazer o que quiserem. Ele já teve que ser testado 7 vezes e eu tive que ser testado duas vezes. Eu acho que ele simplesmente não se importa com quem ele fica doente. Eu tentei falar com ele sobre isso e ele disse a sua escolha de fazer o que ele e seus filhos fazem. É um país livre. Eu tenho uma mãe com frio que vive comigo e eu juro a Deus se ele fica doente ele vai pagar. Estou constantemente preocupado com covid agora porque ele não vai fazer a coisa certa.
M081,11182,Stress,"My job is totally stressing me out. I guess this is a vent of sorts. I just feel the need to express just how stressed out I get the day before my next shift starts. Its early a.m. and I should have been asleep hours ago but Im stressing. Id quit this job in a minute if I had another one to go to but given the pandemic and other roadblocks, that possibility is is pretty small. I want more than anything to move back home but Im stuck and that only adds to the stress.","Meu trabalho está me estressando totalmente. Eu acho que este é um tipo de ventilação. Eu sinto a necessidade de expressar quão estressado eu fico no dia antes do meu próximo turno começar. Sua manhã cedo e eu deveria ter dormido horas atrás, mas eu estou estressado. Id deixar este trabalho em um minuto se eu tivesse outro para ir, mas tendo em conta a pandemia e outros bloqueios de estrada, que a possibilidade é bem pequena. Eu quero mais do que qualquer coisa para voltar para casa, mas eu estou preso e isso só adiciona ao estresse."
M082,5994,Stress,"Do you give yourself enough of time to restsleep to restore from stress? When I was restoring from a burn out, at first I was trying to sleep normal hours. But at a certain point I just slept whenever my body told me to sleep. In the beginning I would sleep 2 times 2 or 3 hours during the day, I just could fall asleep again at night. After some time I only made a 2 hours nap after lunch. And now Im back to normal sleep hours about 10pm to 6am. I know people who keep on clinging to the norms of sleeping hours, while the body needs the time to fix itself. If stress would criple us like a flu we would give into the need for rest.","Você se dá tempo suficiente para descansar para recuperar do estresse? Quando eu estava restaurando de uma queimadura, no início eu estava tentando dormir horas normais. Mas em um certo ponto eu apenas dormi sempre que meu corpo me disse para dormir. No início eu dormiria 2 vezes 2 ou 3 horas durante o dia, eu apenas poderia adormecer novamente à noite. Depois de algum tempo eu só fiz uma soneca de 2 horas após o almoço. E agora eu estou de volta às horas normais de sono por volta das 22h a 6h. Eu conheço pessoas que continuam a agarrar- se às normas de horas de sono, enquanto o corpo precisa do tempo para se consertar. Se o estresse nos criple como uma gripe nós daríamos para a necessidade de descansar."
M083,2122,Stress,"My worst enemy is myself when it comes to stress Yes, Im stuck in a job I hate and I dont have the option of leaving at all but I am my own worst enemy here. I constantly stress about the small things and its really affecting my capacity to perform. The days feel like years, and Im always at the verge of breaking after one or two days. Please teach me methods to overcome this. I tried reframing my perspective but in the moment I still stress","O meu pior inimigo é eu mesmo quando se trata de estresse Sim, estou preso num trabalho que odeio e não tenho a opção de sair, mas sou o meu pior inimigo aqui. Eu sempre estresso sobre as coisas pequenas e a sua verdadeira afetação na minha capacidade de realizar. Os dias parecem anos, e estou sempre à beira de quebrar depois de um ou dois dias. Por favor, ensine-me métodos para superar isso. Tentei reformular a minha perspectiva, mas no momento ainda estresse."
M084,5796,Stress,"Anyones GI system get upset in times of stress? Im currently going through a transition phase in my life. I just lost a job and Ive known Id be losing it for 8 weeks beforehand. In that time I noticed my GI system slowing down, then last week a week before my leaving date it sped up massively and turned into diarrhoea. Then I got a migraine for three days with my TMJ disorder acting up as well. Ive had so many physical things happen in the last week that Im really starting to think its stress and anxiety taking a toll. Im optimistic about my career future but its also so uncertain, and I hate being unemployed. As much as I hate to admit it, it does me good to have a job and a routine. Now its all up in the air and yeah I guess Im stressed. Not to mention there have been some family things on my mind lately making me sad. So yeah, does anyone else get GI issues over a period of time?","Qualquer um do sistema GI fica chateado em tempos de estresse? Estou atualmente passando por uma fase de transição na minha vida. Acabei de perder um emprego e eu sabia que eu estaria perdendo-o por 8 semanas antes. Nesse tempo eu notei meu sistema GI atrasando, então na semana passada uma semana antes da minha data de partida ele acelerou massivamente e se transformou em diarreia. Então eu tive uma enxaqueca por três dias com meu distúrbio de TMJ atuando bem. Eu tive tantas coisas físicas acontecer na última semana que eu realmente estou começando a pensar seu estresse e ansiedade tomando um pedágio. Estou otimista sobre o meu futuro de carreira, mas também é tão incerto, e eu odeio estar desempregado. Por mais que eu odeie admiti-lo, me faz bem ter um trabalho e uma rotina. Agora está tudo no ar e sim eu acho que estou estressado. Sem mencionar que há algumas coisas familiares na minha mente ultimamente me deixando triste."
M085,4490,Stress,"Chronic stress recovery stories? I have undergone 3 years of chronic stress and I finally have been able to change my lifestyle and remove the stressors in my life. It was so bad that my hair was falling out, I wasnt sleeping, I lost 20lbs, and my mental health deteriorated. With the doctors help I have addressed my health issues but I still feel tense and on edge sometimes. I developed fears of situations that were the hardest for me but I dont let it prevent me from living. I guess I just want to know if anyone else has been in this situation and what did you do during recovery? Also, how long were you under this amount of stress and how long did it take to recover?","Histórias de recuperação de estresse crônico? Eu passei por 3 anos de estresse crônico e finalmente fui capaz de mudar meu estilo de vida e remover os estressores na minha vida. Foi tão ruim que meu cabelo estava caindo, eu não estava dormindo, eu perdi 20 libras, e minha saúde mental deteriorada. Com os médicos eu tenho tratado os meus problemas de saúde, mas eu ainda me sinto tenso e na borda às vezes. Desenvolvi medos de situações que foram as mais difíceis para mim, mas eu não deixei que isso me impedisse de viver. Eu acho que eu só quero saber se alguém mais esteve nesta situação e o que você fez durante a recuperação? Também, quanto tempo você esteve sob esta quantidade de estresse e quanto tempo levou para recuperar?"
M086,530,Stress,I have 12 out of 30 more illustrations to illustrate and my deadline is in 15 hours help Im taking a break followed by a desperately needed nap later but anyway now im here on reddit venting because i need validation that i will finish it because rn i dont think i can!! im a freelancer and im currently working with an apparel company and i must first say that im a fresh grad and getting a job is rlly hard now so i kind of really need to set a good impression later when i present my illustrations to my clients but im an idiot and promised 30 illustrations in 3 days but i cant really cope as yall can see. Sorry that its a boring post but im really freaking out!,"Tenho mais 12 de 30 ilustrações para ilustrar e o meu prazo é em 15 horas ajudam-me a tomar uma pausa seguida por uma soneca desesperadamente necessária mais tarde, mas de qualquer forma agora im aqui no reddit ventilação porque eu preciso de validação que eu vou terminá-lo porque rn eu acho que eu não posso!! im um freelancer e im atualmente trabalhando com uma empresa de vestuário e eu devo dizer que im um graduado fresco e conseguir um trabalho é muito difícil agora, então eu meio que realmente preciso definir uma boa impressão mais tarde quando eu apresento minhas ilustrações aos meus clientes, mas im um idiota e prometeu 30 ilustrações em 3 dias, mas eu não posso realmente lidar com como yall pode ver. Desculpe que é um post chato mas eu realmente surto!"
M087,6094,Stress,"Everybody is suffering Everybody is suffering right now. It makes me hesitant to speak out at all. But I want to die. I want to die so badly. Pain, depression, societal worry, online school and no understanding from my professors. Its all got me at my wits end. I dont know how Im going to manage. I scream and cry and hurt myself everyday and I dont know what to do. I just want to escape.","Todo mundo está sofrendo Todo mundo está sofrendo agora. Isso me faz hesitar em falar fora de tudo. Mas eu quero morrer. Eu quero morrer tão mal. Dor, depressão, preocupação social, escola online e nenhum entendimento dos meus professores. Tudo isso me levou ao meu fim de inteligência. Eu não sei como eu vou lidar. Eu grito e choro e me machuco todos os dias e eu não sei o que fazer. Eu só quero escapar."
M088,10231,Stress,"How We Learn From Our Parents How to Respond to Stress and Anxiety  Are you good at regulating your everyday stress and anxiety levels? If not, how might your parents have played a role in your selfregulation skills or lack of?","Como aprendemos com nossos pais Como responder ao estresse e à ansiedade Você é bom em regular seus níveis diários de estresse e ansiedade? Caso contrário, como seus pais podem ter desempenhado um papel nas suas habilidades de autorregulação ou falta delas?"
M089,1688,Stress,I am SO stressed! I have a test on the 9th and I NEED to get a B or I fail the class. tomorrow and test day will be fking hell! When stressed I think about hurting myself. Help? The long a title!,Estou TÃO estressado! Tenho um teste no dia 9 e preciso de um B ou falho na aula. amanhã e o dia dos testes será um inferno! Quando estressado penso em me machucar. Ajuda? O longo título!
M090,1471,Stress,"Feeling trapped in endless stress I work in an emotionally draining field of work and have struggled with anxiety my entire life. Im at a point where I feel trapped, hopeless, and exhausted. I focus on simply making it through the week and find that the only thing I want to do is sleep. When something small goes wrong at work I feel like it pushes me over the edge and Im ready to snap due to all the built up stress, anxiety and frustration. I often fantasize about breaking a limb or having a medical emergency that would prevent me from going to work. Can anyone relate?","Sentindo-me preso no estresse interminável trabalho num campo de trabalho emocionalmente drenante e tenho lutado com ansiedade toda a minha vida. Estou num ponto em que me sinto preso, desesperado e exausto. Eu me concentrei simplesmente em fazer isso durante a semana e descobri que a única coisa que eu quero fazer é dormir. Quando algo pequeno dá errado no trabalho, sinto que isso me empurra sobre a borda e estou pronto para pegar devido a todo o estresse acumulado, ansiedade e frustração. Eu muitas vezes fantasiar em quebrar um membro ou ter uma emergência médica que me impediria de ir para o trabalho. Alguém pode se relacionar?"
M091,1109,Stress,"An epiphany Ive had regarding our inherent potential... I believe in the bodys inherent potential to heal itself. This in no way diminishes the need for excellent medical care, which we are thankfully so blessed to have. I see this healing truth in every patient I treat in my physical therapy manual therapy practice and it brings me great peace to remember the incredible design in which we are created, and the Herculean feats our bodies accomplish behind the scenes, every day. I believe in this power of positive thinking, and how powerful our thoughts are to our health. I believe this is a necessary aspect of creating a personal environment of serenity and calm for ourselves, to thus allow us to be of support and of service to others. Wishing you and your loved ones much blessing and peace","Uma epifania que eu tive em relação ao nosso potencial inerente... Eu acredito nos corpos potencial inerente para se curar. Isto de modo algum diminui a necessidade de cuidados médicos excelentes, que nós somos felizmente tão abençoados de ter. Eu vejo esta verdade de cura em cada paciente que eu trato na minha prática de terapia manual de fisioterapia e isso me traz grande paz para lembrar o design incrível em que somos criados, e os feitos Herculean nossos corpos realizam atrás das cenas, todos os dias. Eu acredito neste poder de pensamento positivo, e quão poderosos nossos pensamentos são para a nossa saúde. Eu acredito que este é um aspecto necessário de criar um ambiente pessoal de serenidade e calma para nós mesmos, para permitir que nós sejamos de apoio e de serviço aos outros. Desejo a você e seus entes queridos muita bênção e paz."
M092,7580,Stress,"If youre stressed out, create art to become free A study found that just 45 minutes of creative activity, regardless of age or skill level, significantly reduces stress levels Kaimal et al., 2016. When youre stressed, youre stuck in your head. You see a limited image of yourself that you keep repeating. In this image, you are helpless, weak, and unable to act. This is stress. Creation frees you from this. You express what you feel. You see them from the outside  and you can change them too. Its a healing process. You make a change. Creation is the easiest way to heal yourself. You are your own best therapist. It doesnt matter what you create or how good you are at it. You can paint, write, or build. But even the most nonsensical things can count as creation if you experience them as such  grooming your dog, cleaning your room, making a papiermâché. Art is when you create a mood, emotion, or experience for yourself. The medium doesnt matter. It doesnt matter if its not spectacular or comprehensible to others. Create and feel your freedom that belongs to you all the time.","Se você está estressado, crie arte para se tornar livre Um estudo descobriu que apenas 45 minutos de atividade criativa, independentemente da idade ou nível de habilidade, reduz significativamente os níveis de estresse Kaimal et al., 2016. Quando você está estressado, você está preso na sua cabeça. Você vê uma imagem limitada de si mesmo que você continua repetindo. Nesta imagem, você está impotente, fraco e incapaz de agir. Isto é estresse. A criação liberta- o disso. Você expressa o que você sente. Você pode vê- los do exterior e você pode mudá- los também. Seu processo de cura. Você faz uma mudança. A criação é a maneira mais fácil de se curar. Você é seu próprio terapeuta. Não importa o que você cria ou o quão bom você é nela. Você pode pintar, escrever ou construir. Mas até mesmo as coisas mais absurdas podem contar como criação se você experimentar como tal o seu cão, limpar seu quarto, fazer um papiermâché."
M093,6824,Stress,Stress that cant be felt till its too late Ive never really considered myself a stressed individual but a lot has happened in my life that I kind of swept under the rug and just shrugged about it. Clearly it does get to me because I was diagnosed with generalized anxiety disorder and panic disorder but I cant seem to recognize it when it occurs. I only know Im stressed when the panic attacks and anxiety start up and by that point its hard to bring down the stress. Has anyone dealt with something similar?,"Estresse que não pode ser sentida até tarde demais Eu nunca realmente me considero um indivíduo estressado, mas muita coisa aconteceu na minha vida que eu meio que varreu sob o tapete e apenas encolhido sobre ele. Claramente ele chega a mim porque eu fui diagnosticado com distúrbio de ansiedade generalizada e distúrbio de pânico, mas eu parece que não posso reconhecê-lo quando isso ocorre. Eu só sei que estou estressado quando os ataques de pânico e ansiedade começam e por esse ponto é difícil para reduzir o estresse. Alguém tem lidado com algo semelhante?"
M094,7692,Stress,"Anyone else ever get extremely horny when stressed? I lost my job, Im applying like crazy but so far I havent gotten a new one. Also my boyfriend and I are long distance even so its harder to be the nympho that I am even when Im not stressed but I literally am masterbating constantly during the night and since Im barely sleeping its a lot. Apparently Im not alone and its called AnxiousSexual.","Alguém mais alguma vez ficou extremamente excitado quando estressado? Perdi o meu emprego, estou me aplicando como louco, mas até agora eu não tenho conseguido um novo. Também meu namorado e eu estamos a longa distância mesmo assim é mais difícil ser a ninfósica que eu estou mesmo quando eu não estou estressado, mas eu estou literalmente masterbating constantemente durante a noite e já que eu mal estou dormindo o seu muito. Aparentemente eu não estou sozinho e seu chamado AnxiousSexual."
M095,1624,Stress,"Overworked over stressed overwhelmed So I just have these random moments of anxiety and fast heartbeat at times. I think the majority of the time its my job that causes me to feel stressed. I try to always keep in mind that I can only do so much but having this mindset doesnt always keep me from feeling this way. Its pretty stressful job and now having been there a few months I can see why people come and go. Also living with a toxic parent hearing him call my siblings horrible names and constantly arguing with my mother for the dumbest reasons. Its all too much and I just really wanna find a way out. Just writing this is causing me to be emotional. I just want to be stress free. Theres just no way that this is life, I refuse to believe it ....","Overworked overstress overgreed Então eu apenas tenho estes momentos aleatórios de ansiedade e batimento cardíaco rápido às vezes. Eu acho que a maioria das vezes é meu trabalho que me faz sentir estressado. Eu tento sempre ter em mente que eu posso apenas fazer tanto, mas tendo esta mentalidade sempre não me impede de sentir assim. Seu trabalho bastante estressante e agora tendo estado lá alguns meses eu posso ver por que as pessoas vêm e vão. Também vivendo com um pai tóxico ouvindo ele chamar meus irmãos nomes horrríveis e constantemente discutindo com minha mãe pelas razões mais estúpidas. É tudo muito e eu realmente quero encontrar uma saída. Apenas escrevendo isso está me fazendo ser emocional. Eu só quero ser estresse livre. Não há apenas nenhuma maneira que isso seja vida, eu me recuso a crer..."
M096,11601,Stress,"Looking for online stress forums or support groups. Help. Hello, Ive been struggling with stress for a while now and I have tried many things. Some things work for a while others not so much. I would like to know if there are any support or forums for stress, worldwide, online. If they speak English the better but I cant handle face to face anything right now. Please help. EDIT Thanks for all the people who reply, even via private. Im in therapy and taking meds, I do exercise 5 times a week and Im not addicted to substances. Still looking for anything you can recommend.","Procurando por fóruns de estresse online ou grupos de suporte. Ajuda. Olá, eu tenho lutado com o estresse por um tempo agora e eu tenho tentado muitas coisas. Algumas coisas funcionam por um tempo outras não tanto. Gostaria de saber se há algum suporte ou fóruns para o estresse, em todo o mundo, online. Se eles falam inglês melhor, mas eu não posso lidar com nada cara a cara agora. Por favor, ajude. EDIT Obrigado por todas as pessoas que respondem, mesmo via privado. Estou em terapia e tomando medicamentos, eu faço exercício 5 vezes por semana e eu não sou viciado em substâncias. Ainda procurando por qualquer coisa que você possa recomendar."
M097,145,Stress,"Had another yet incredibly stressful day. Was feeling super sick and thought I might have caught Covid. And to top it off, I just got cyberbullied and harassed on a subreddit Seriously, how do I get a break??","Teve outro dia ainda incrivelmente estressante. Sentiu-se super enjoado e pensou que eu poderia ter pego Covid. E para completar, eu acabei de ser ciberbullied e assediado em um subreddit Sério, como eu tenho uma pausa??"
M098,12883,Stress,anyone else wake up with a shock of anxiety? its like every time i go to sleep im okay but then as soon as i wake up im stressing and got anxiety. i play scenarios in my head of what is going on and it makes things 10x worse. i know that everything will be okay and im probably overreacting but i cant help it. it gets my heart racing. what do you guys do to resolve this?,"Mais alguém acorda com um choque de ansiedade? é como cada vez que eu vou dormir im ok, mas então, assim que eu acordar im estressado e ficou ansiedade. eu jogo cenários na minha cabeça do que está acontecendo e torna as coisas 10x pior. eu sei que tudo vai ficar bem e im provavelmente exagerar mas eu não posso ajudá-lo. ele começa meu coração correndo. o que vocês fazem para resolver isso?"
M099,1310,Stress,"These headaches dont go away when they come on from stress. I feel great in the morning. Get to work and all the stress from stupidity and absolute zero communication stresses me to the point of migraine level headaches. Now Im laying in a dark room and my head is pounding. Ibuprofen does nothing, nor any type of headache painkiller. I escalate these issues and it falls on deaf ears. I need a headache hack.","Estas dores de cabeça não desaparecem quando vêm do estresse. Eu me sinto ótimo de manhã. Comece a trabalhar e todo o estresse da estupidez e da comunicação absoluta zero me stressa até o ponto de dores de cabeça do nível de enxaqueca. Agora estou deitado em um quarto escuro e a minha cabeça está batendo. O Ibuprofeno não faz nada, nem qualquer tipo de analgésico de dores de cabeça. Eu escalono estes problemas e cai em ouvidos surdos. Preciso de um hack de dores de cabeça."
M100,4946,Stress,"Did chronic stress kill your libido? Ive had stress and bad anxiety for some time now, and my sex drive has decreased drastically. Ive also lost muscle mass and feel weaker and fatigued all the time. I also have trouble sleeping cause of anxiety. Was wondering if anyone else was in the same boat. Did stress and anxiety impact your libido? Edit Im an 19 yo guy.","O estresse crônico matou a sua libido? Eu tive estresse e má ansiedade por algum tempo, e a minha unidade sexual diminuiu drasticamente. Eu também perdi a massa muscular e sinto- me mais fraco e fadigado o tempo todo. Eu também tenho dificuldade em dormir causa de ansiedade. Estava pensando se mais alguém estava no mesmo barco. O estresse e a ansiedade impactaram a sua libido? Editar Im um cara de 19 anos."
